id,last_name
10,Stewart
21,Stevens
44,Simpson
49,Snyder
61,Sanders
62,Sullivan
79,Shaw
96,Scott
105,Stone
119,Sullivan
123,Sims
129,Stewart
162,Spencer
163,Smith
256,Shaw
265,Simpson
296,Snyder
302,Sims
330,Schmidt
334,Shaw
351,Smith
365,Stephens
367,Sanchez
369,Schmidt
374,Snyder
379,Simmons
387,Sanchez
403,Sanders
406,Simmons
459,Smith
507,Stanley
520,Scott
570,Schmidt
578,Sullivan
579,Stevens
582,Stone
603,Schmidt
611,Sullivan
617,Stevens
636,Shaw
695,Simpson
696,Simpson
699,Snyder
707,Stewart
712,Spencer
717,Shaw
722,Spencer
737,Stanley
738,Sims
745,Simmons
751,Sanders
762,Sanders
766,Stone
781,Stewart
785,Spencer
790,Smith
796,Sullivan
816,Shaw
818,Shaw
828,Stanley
839,Scott
844,Sanders
846,Stanley
851,Spencer
872,Sims
885,Shaw
918,Simmons
919,Spencer
947,Shaw
974,Stanley
985,Simpson
990,Snyder
